{
    "Train_accuracy_score": 0.9607843137254902,
    "Test_accuracy_score": 0.7777777777777778,
    "Test_precision_score": 0.5625,
    "Test_recall_score": 0.75,
    "Test_f1_score": 0.6428571428571429,
    "AUC_score": 0.8693181818181819
}
