{
    "Train_accuracy_score": 0.8011204481792717,
    "Test_accuracy_score": 0.6777777777777778,
    "Test_precision_score": 0.4444444444444444,
    "Test_recall_score": 0.8333333333333334,
    "Test_f1_score": 0.5797101449275363
}
