{
    "Train_accuracy_score": 0.9607843137254902,
    "Test_accuracy_score": 0.7333333333333333,
    "Test_precision_score": 0.5,
    "Test_recall_score": 0.5416666666666666,
    "Test_f1_score": 0.52,
    "AUC_score": 0.8229166666666667
}
