{
    "Train_accuracy_score": 0.9607843137254902,
    "Test_accuracy_score": 0.7222222222222222,
    "Test_precision_score": 0.48,
    "Test_recall_score": 0.5,
    "Test_f1_score": 0.4897959183673469,
    "AUC_score": 0.819760101010101
}
